{"cameraMode":{"drawMode":0,"name":"Shaded","section":"Shading Mode"},"sceneLighting":true,"audioPlay":false,"sceneViewState":{"showFog":true,"showMaterialUpdate":false,"showSkybox":true,"showFlares":true,"showImageEffects":true,"showParticleSystems":true},"in2DMode":false,"pivot":{"x":0.8299999237060547,"y":0.5580000281333923,"z":-4.096999645233154},"rotation":{"x":0.686808168888092,"y":-0.021792614832520486,"z":0.020610887557268144,"w":0.7262384295463562},"size":12.175246238708496,"orthographic":false}